chr,pos,nucleotide,count,coverage_at_position,VAF
chr4,106155307,T,1,11420,8.75656742556918e-05
chr4,106164769,A,2,22503,8.88770386170733e-05
chr4,106180874,T,2,7982,0.000250563768479078
chr4,106196282,T,2,30165,6.63020056356705e-05
chr4,106196835,T,1,11536,8.66851595006935e-05
chr17,58740887,A,3,5255,0.000570884871550904
chr11,119148990,C,2,12071,0.000165686355728606
chr1,43814991,T,1,1458,0.000685871056241427
chr1,115258745,A,8,5532,0.00144613159797542
chr2,25463313,T,2,2179,0.000917852225791647
chr2,25467023,A,10,17239,0.000580080051047045
chr2,25469494,T,4,8831,0.000452949835805685
chr21,36206785,C,13,30711,0.000423301097326691
chr7,148506474,A,27,30498,0.000885303954357663
chr7,148507447,C,3,3339,0.000898472596585804
chr12,112888169,G,6,6797,0.000882742386346918
chr12,112888210,C,1,3399,0.000294204177699323
chr19,33792425,A,2,874,0.0022883295194508
chr8,117864902,A,27,18911,0.00142774046851039
