chr,pos,nucleotide,count,coverage_at_position,VAF
chr4,106155307,T,2,17166,0.00011650937900501
chr4,106164769,A,4,18612,0.00021491510853213
chr4,106180874,T,2,7574,0.000264061262212833
chr4,106194031,A,2,8760,0.000228310502283105
chr4,106196835,T,2,25060,7.98084596967278e-05
chr2,25467023,A,13,27203,0.000477888468183656
chr2,25469494,T,8,11117,0.000719618602140865
chr2,198266513,C,1,4953,0.000201897839693115
chr17,58740887,A,4,6121,0.000653487992158144
chr7,148506474,A,30,35160,0.000853242320819113
chr1,43814991,T,1,2981,0.000335457900033546
chr1,115258745,A,10,6591,0.00151722045213169
chr21,36206785,C,19,39294,0.000483534381839467
chr13,28592620,C,2,8485,0.000235710076605775
chr12,112888169,G,6,3459,0.00173460537727667
chr12,112888210,C,2,6917,0.000289142691918462
chr8,117864902,A,27,17472,0.00154532967032967
chr19,33792425,A,2,1278,0.00156494522691706
