chr,pos,nucleotide,count,coverage_at_position,VAF
chr7,148506443,T,2,29266,6.83386865304449e-05
chr7,148506474,A,22,29263,0.000751802617640023
chr7,148507447,C,3,8300,0.00036144578313253
chr17,58740887,A,9,5700,0.00157894736842105
chr12,112888169,G,2,9720,0.000205761316872428
chr12,112888210,C,1,4861,0.00020571898786258
chr4,106155307,T,1,10200,9.80392156862745e-05
chr4,106180874,T,10,8374,0.00119417243850012
chr4,106194031,A,2,4425,0.000451977401129944
chr4,106196282,T,4,32999,0.000121215794418013
chr2,25463313,T,4,6084,0.000657462195923734
chr2,25467023,A,16,28593,0.000559577518973175
chr2,25469494,T,9,12259,0.000734154498735623
chr19,33792425,A,2,1702,0.00117508813160987
chr8,117864902,A,35,18161,0.0019272066516161
chr21,36206785,C,22,41650,0.000528211284513806
chr11,119148990,C,1,6761,0.000147907114332199
chr13,28592620,C,1,4109,0.000243368216110976
chr1,43814991,T,4,9501,0.00042100831491422
chr1,115258745,A,11,6272,0.00175382653061224
