chr,pos,nucleotide,count,coverage_at_position,VAF
chr17,58740887,A,7,5760,0.00121527777777778
chr12,112888169,G,5,8018,0.000623596906959342
chr12,112888210,C,1,4010,0.000249376558603491
chr4,106158108,A,4,12655,0.000316080600553141
chr4,106180874,T,2,9708,0.000206015657189946
chr4,106196282,T,4,35904,0.000111408199643494
chr21,36206785,C,18,40156,0.00044825181791015
chr2,25463313,T,3,7489,0.00040058752837495
chr2,25467023,A,18,31381,0.000573595487715497
chr2,25469494,T,11,11118,0.000989386580320202
chr2,198266513,C,1,4828,0.000207125103562552
chr19,33792425,A,3,2111,0.00142112742775936
chr19,33793112,A,2,5252,0.000380807311500381
chr7,148506474,A,21,33329,0.000630081910648384
chr7,148507447,C,4,7311,0.000547120776911503
chr8,117864902,A,29,21985,0.00131908119172163
chr1,43814991,T,2,1576,0.00126903553299492
chr1,115258745,A,7,3369,0.002077767883645
