chr,pos,nucleotide,count,coverage_at_position,VAF
chr4,106155307,T,4,26076,0.000153397760392698
chr4,106158108,A,1,5363,0.000186462800671266
chr4,106180874,T,5,9968,0.000501605136436597
chr4,106194031,A,1,5799,0.000172443524745646
chr4,106196282,T,1,22236,4.49721172872819e-05
chr4,106196835,T,1,14626,6.83713934089977e-05
chr20,31024287,A,2,4605,0.000434310532030402
chr2,25463313,T,1,3691,0.000270929287455974
chr2,25467023,A,9,35163,0.000255950857435372
chr2,25469494,T,12,14792,0.000811249323958897
chr2,198266513,C,3,6515,0.000460475825019187
chr21,36206785,C,20,74410,0.000268781077812122
chr12,112888169,G,2,4371,0.000457561198810341
chr7,148506474,A,37,38183,0.00096901762564492
chr7,148507447,C,5,8642,0.000578569775514927
chr17,58740887,A,9,7130,0.00126227208976157
chr13,28592620,C,2,9810,0.000203873598369011
chr8,117864902,A,25,21765,0.00114863312657937
chr19,33792425,A,2,1344,0.00148809523809524
chr1,43814991,T,1,2552,0.000391849529780564
chr1,115258745,A,10,6143,0.00162786911932281
