chr,pos,nucleotide,count,coverage_at_position,VAF
chr20,31024287,A,2,8899,0.000224744353298123
chr7,148506474,A,36,37077,0.000970952342422526
chr7,148507447,C,4,9876,0.000405022276225192
chr21,36206785,C,31,83300,0.000372148859543818
chr4,106164769,A,2,11594,0.000172503018802829
chr4,106180874,T,4,11704,0.000341763499658237
chr4,106194031,A,2,5719,0.000349711488022382
chr4,106196835,T,3,28935,0.000103680663556247
chr12,112888169,G,3,3626,0.000827357970215113
chr12,112888210,C,2,3625,0.000551724137931035
chr2,25463313,T,3,7329,0.000409332787556283
chr2,25467023,A,15,32153,0.000466519453861226
chr2,25469494,T,14,17805,0.00078629598427408
chr2,198266513,C,1,6205,0.00016116035455278
chr13,28592621,G,3,10413,0.000288101411696917
chr17,58740887,A,15,7311,0.00205170291341814
chr1,43814991,T,5,2440,0.00204918032786885
chr1,115258745,A,4,6939,0.000576451938319643
chr19,33792425,A,2,2040,0.000980392156862745
chr8,117864902,A,36,21024,0.00171232876712329
