chr,pos,nucleotide,count,coverage_at_position,VAF
chr21,36206785,C,9,65856,0.000136661807580175
chr2,25463313,T,1,1841,0.000543183052688756
chr2,25467023,A,8,23589,0.000339141125100683
chr2,25469494,T,5,8222,0.000608124543906592
chr2,198266513,C,2,8421,0.000237501484384277
chr17,58740887,A,12,6414,0.00187090739008419
chr4,106155307,T,4,23704,0.000168747890651367
chr4,106180874,T,2,9282,0.000215470803706098
chr4,106194031,A,3,9455,0.000317292437863564
chr20,31024287,A,2,5580,0.0003584229390681
chr8,117864902,A,35,17547,0.00199464295891036
chr12,112888169,G,7,6993,0.001001001001001
chr7,148506474,A,37,36626,0.00101021132528805
chr7,148507447,C,2,7176,0.000278706800445931
chr1,115258745,A,10,5634,0.0017749378771743
