chr,pos,nucleotide,count,coverage_at_position,VAF
chr21,36206785,C,26,84156,0.000308950045154237
chr1,43814991,T,4,5597,0.000714668572449526
chr1,115258745,A,11,6585,0.00167046317388003
chr11,119148990,C,4,15008,0.000266524520255864
chr12,112888169,G,1,4620,0.000216450216450216
chr12,112888210,C,1,4619,0.000216497077289457
chr4,106156524,A,2,5855,0.000341588385994876
chr4,106158108,A,2,10065,0.000198708395429707
chr4,106180874,T,4,8675,0.000461095100864553
chr4,106194031,A,3,5173,0.0005799342741156
chr4,106196282,T,2,35005,5.71346950435652e-05
chr2,25463313,T,2,3427,0.000583600817041144
chr2,25467023,A,11,31243,0.000352078865665909
chr2,25469494,T,6,12624,0.000475285171102662
chr2,198266513,C,1,5501,0.000181785129976368
chr7,148506474,A,30,36402,0.000824130542277897
chr7,148507447,C,4,10153,0.00039397222495814
chr8,117864902,A,23,21828,0.0010536925050394
chr17,58740887,A,4,2619,0.00152730049637266
chr13,28592620,C,3,9944,0.000301689460981496
chr13,28592621,G,2,9944,0.000201126307320998
