chr,pos,nucleotide,count,coverage_at_position,VAF
chr17,58740887,A,7,4264,0.00164165103189493
chr2,25463313,T,1,1729,0.000578368999421631
chr2,25467023,A,12,14221,0.000843822515997469
chr2,25469494,T,3,4674,0.000641848523748395
chr2,198266513,C,1,4533,0.000220604456210015
chr4,106155307,T,6,19835,0.000302495588606
chr4,106194031,A,1,3987,0.000250815149235014
chr4,106196835,T,1,8710,0.000114810562571757
chr21,36206785,C,24,30231,0.000793887069564354
chr12,112888169,G,2,2460,0.000813008130081301
chr12,112888210,C,1,2459,0.000406669377795852
chr7,148506443,T,2,28301,7.066888095827e-05
chr7,148506474,A,18,28293,0.000636199766726752
chr7,148507447,C,2,4834,0.000413736036408771
chr1,43814991,T,2,3258,0.000613873542050338
chr1,115258745,A,11,5773,0.00190542179109648
chr8,117864902,A,17,8425,0.00201780415430267
chr19,33792425,A,2,1407,0.00142146410803127
