chr,pos,nucleotide,count,coverage_at_position,VAF
chr13,28592620,C,3,7022,0.000427228709769297
chr13,28592621,G,2,7023,0.000284778584650434
chr4,106158108,A,2,5348,0.00037397157816006
chr4,106194031,A,26,8393,0.00309781961158108
chr4,106196282,T,2,23707,8.43632682330114e-05
chr4,106196835,T,1,9446,0.000105864916366716
chr2,25463313,T,1,2830,0.000353356890459364
chr2,25467023,A,4,18181,0.00022000990044552
chr2,25469494,T,5,6011,0.000831808351355848
chr1,43814991,T,3,4697,0.000638705556738344
chr1,115258745,A,4,5760,0.000694444444444445
chr17,58740887,A,4,3870,0.00103359173126615
chr21,36206785,C,14,24513,0.00057112552523151
chr7,148506443,T,3,28885,0.000103860135018176
chr7,148506474,A,17,28884,0.000588561141116189
chr7,148507447,C,4,5901,0.000677851211659041
chr8,117864902,A,20,12978,0.00154106950223455
chr12,112888169,G,1,2573,0.000388651379712398
chr11,119148990,C,1,3931,0.000254388196387688
