chr,pos,nucleotide,count,coverage_at_position,VAF
chr2,25463313,T,2,3445,0.00058055152394775
chr2,25467023,A,8,24414,0.000327680838862948
chr2,25469494,T,6,8040,0.000746268656716418
chr2,198266513,C,1,5976,0.000167336010709505
chr21,36206785,C,23,48889,0.0004704534762421
chr7,148506474,A,28,41447,0.000675561560547205
chr7,148507447,C,8,4421,0.00180954535173038
chr4,106155307,T,4,31703,0.000126171024824149
chr4,106156524,A,1,2985,0.00033500837520938
chr4,106158108,A,3,11671,0.000257047382400823
chr4,106164769,A,1,12052,8.29737802854298e-05
chr4,106180874,T,4,11639,0.00034367213678151
chr4,106194031,A,1,6399,0.000156274417877793
chr4,106196282,T,2,37879,5.27997043216558e-05
chr4,106196835,T,2,31420,6.3653723742839e-05
chr17,58740887,A,8,6458,0.00123877361412202
chr12,112888169,G,1,4013,0.00024919013207077
chr12,112888210,C,1,4013,0.00024919013207077
chr8,117864902,A,35,20740,0.00168756027000964
chr1,43814991,T,3,2976,0.00100806451612903
chr1,115258745,A,11,7663,0.00143546913741355
