chr,pos,nucleotide,count,coverage_at_position,VAF
chr7,148506474,A,28,28707,0.000975371860521824
chr7,148507447,C,3,6094,0.000492287495897604
chr4,106180874,T,2,8226,0.000243131534159981
chr4,106194031,A,2,7900,0.000253164556962025
chr2,25463313,T,3,6190,0.000484652665589661
chr2,25467023,A,10,27786,0.000359893471532426
chr2,25469494,T,7,12784,0.00054755944931164
chr2,198266513,C,1,3920,0.000255102040816327
chr21,36206785,C,11,56825,0.000193576770787506
chr13,28592621,G,2,9920,0.000201612903225806
chr17,58740887,A,8,4424,0.00180831826401447
chr8,117864902,A,24,16052,0.00149514079242462
chr12,112888169,G,3,5566,0.00053898670499461
chr1,43814991,T,1,2767,0.000361402240693892
chr1,115258745,A,10,6270,0.00159489633173844
chr19,33792425,A,1,720,0.00138888888888889
