chr,pos,nucleotide,count,coverage_at_position,VAF
chr4,106180874,T,2,9540,0.000209643605870021
chr4,106196282,T,2,38450,5.20156046814044e-05
chr4,106196835,T,2,26037,7.68137650266928e-05
chr2,25463313,T,2,3945,0.000506970849176172
chr2,25467023,A,11,19660,0.000559511698880977
chr2,25469494,T,6,7626,0.000786782061369001
chr2,198266513,C,1,5559,0.000179888469149128
chr12,112888169,G,3,3366,0.00089126559714795
chr7,148506443,T,2,39104,5.11456628477905e-05
chr7,148506474,A,32,39102,0.000818372461766662
chr7,148507447,C,3,3890,0.00077120822622108
chr8,117864902,A,24,15716,0.0015271061338763
chr21,36206785,C,14,69677,0.00020092713520961
chr17,58740887,A,10,6113,0.00163585800752495
chr19,33792425,A,2,882,0.00226757369614512
chr1,43814991,T,4,2794,0.00143163922691482
chr1,115258745,A,7,7065,0.000990799716914366
chr13,28592620,C,1,4078,0.000245218244237371
