chr,pos,nucleotide,count,coverage_at_position,VAF
chr19,33792425,A,20,15078,0.00132643586682584
chr19,33793112,A,2,10848,0.000184365781710914
chr4,106155307,T,2,7100,0.00028169014084507
chr21,36206785,C,11,8545,0.00128730251609128
chr17,58740887,A,7,2186,0.00320219579139982
chr2,25463313,T,2,3623,0.000552028705492686
chr2,25467023,A,27,33851,0.000797613069037842
chr2,25469494,T,81,13301,0.0060897676866401
chr1,43814991,T,8,8327,0.000960730154917738
chr1,115258745,A,4,1996,0.00200400801603206
chr8,117864902,A,5,2661,0.00187899285982713
chr13,28592621,G,2,3055,0.000654664484451719
chr7,148506474,A,11,7435,0.00147948890383322
chr7,148507447,C,2,874,0.0022883295194508
