chr,pos,nucleotide,count,coverage_at_position,VAF
chr7,148506443,T,35,75305,0.000464776575260607
chr7,148506474,A,70,75302,0.000929590183527662
chr7,148507447,C,10,15805,0.000632711167352104
chr21,36206785,C,30,129024,0.000232514880952381
chr4,106155307,T,7,48145,0.000145394121923357
chr4,106180874,T,16,19377,0.00082572121587449
chr4,106194031,A,7,19973,0.000350473138737295
chr4,106196282,T,2,68905,2.90254698497932e-05
chr4,106196835,T,1,26212,3.81504654356783e-05
chr2,25463313,T,16,30671,0.000521665416843272
chr2,25467023,A,65,144405,0.000450122918181503
chr2,25469494,T,57,79499,0.000716990150819507
chr2,198266513,C,1,12304,8.12743823146944e-05
chr17,58740887,A,14,9876,0.00141757796678817
chr19,33792425,A,19,28147,0.000675027534017835
chr13,28592621,G,4,18758,0.000213242349930696
chr11,119148990,C,4,21970,0.000182066454255803
chr12,112888169,G,10,8130,0.001230012300123
chr12,112888210,C,2,8129,0.000246032722352073
chr1,43814991,T,32,44373,0.000721159263516102
chr1,115258745,A,9,9196,0.00097868638538495
chr8,117864902,A,55,34718,0.00158419263782476
