chr,pos,nucleotide,count,coverage_at_position,VAF
chr21,36206785,C,18,29718,0.000605693519079346
chr19,33792425,A,42,31010,0.00135440180586907
chr19,33793112,A,260,39717,0.00654631517989778
chr7,148506443,T,2,29753,6.72201122575875e-05
chr7,148506474,A,142,29749,0.00477326968973747
chr7,148507447,C,5,3622,0.00138045278851463
chr12,112888169,G,10,10821,0.000924129008409574
chr4,106155307,T,2,33186,6.02663773880552e-05
chr4,106180874,T,12,14371,0.000835014960684712
chr4,106196282,T,2,21401,9.34535769356572e-05
chr13,28592621,G,4,13050,0.000306513409961686
chr17,58740887,A,21,8278,0.00253684464846581
chr2,25463313,T,8,13182,0.000606888180852678
chr2,25467023,A,48,72871,0.000658698247588204
chr2,25469494,T,32,44057,0.00072633179744422
chr2,198266513,C,2,6168,0.000324254215304799
chr8,117864902,A,41,19290,0.00212545360290306
chr1,43814991,T,9,16573,0.000543051951970072
chr1,115258745,A,17,9162,0.00185549006767081
chr11,119148990,C,2,13946,0.000143410296859315
