chr,pos,nucleotide,count,coverage_at_position,VAF
chr4,106155307,T,4,50130,7.97925393975663e-05
chr4,106156524,A,83,12373,0.00670815485330963
chr4,106158108,A,1,5970,0.00016750418760469
chr4,106180874,T,6,21981,0.000272963013511669
chr4,106194031,A,3,21128,0.000141991669822037
chr4,106196282,T,3,68798,4.36059187767086e-05
chr4,106196835,T,4,50951,7.85068006516064e-05
chr2,25463313,T,9,23707,0.000379634707048551
chr2,25467023,A,93,158383,0.000587184230630813
chr2,25469494,T,70,87843,0.000796876245119133
chr2,198266513,C,6,19239,0.000311866521128957
chr19,33792425,A,70,66284,0.00105606179470159
chr19,33793112,A,4,103901,3.84981857729954e-05
chr21,36206785,C,47,70620,0.000665533843103937
chr17,58740887,A,20,8963,0.00223139573803414
chr12,112888169,G,9,7144,0.00125979843225084
chr11,119148990,C,4,22186,0.000180293879022807
chr20,31024287,A,1,7953,0.000125738714950333
chr7,148506474,A,32,41307,0.000774687099038904
chr7,148507447,C,8,4451,0.00179734891035722
chr13,28592620,C,4,9000,0.000444444444444444
chr13,28592621,G,2,18000,0.000111111111111111
chr1,43814991,T,23,37009,0.000621470453133022
chr1,115258745,A,6,10751,0.000558087619756302
chr8,117864902,A,53,31020,0.00170857511283043
