chr,pos,nucleotide,count,coverage_at_position,VAF
chr17,58740887,A,7,4880,0.0014344262295082
chr4,106156524,A,1,2453,0.00040766408479413
chr4,106164769,A,3,23057,0.000130112330311836
chr4,106180874,T,2,9343,0.000214064005137536
chr4,106194031,A,1,3308,0.00030229746070133
chr4,106196282,T,2,37195,5.37706681005512e-05
chr4,106196835,T,1,13106,7.63009308713566e-05
chr11,119148990,C,1,6426,0.000155617802676626
chr19,33792425,A,15,24838,0.000603913358563491
chr2,25463313,T,5,12434,0.000402123210551713
chr2,25467023,A,34,69957,0.000486012836456681
chr2,25469494,T,34,44587,0.000762554107699554
chr2,198266513,C,40,7877,0.00507807540941983
chr12,112888169,G,1,2749,0.000363768643142961
chr8,117864902,A,20,13464,0.00148544266191325
chr7,148506474,A,20,25446,0.000785978149807435
chr7,148507447,C,1,4363,0.000229200091680037
chr21,36206785,C,12,26297,0.000456325816633076
chr1,43814991,T,10,14495,0.000689893066574681
chr1,115258745,A,4,5715,0.000699912510936133
