chr,pos,nucleotide,count,coverage_at_position,VAF
chr12,112888169,G,213,28539,0.00746347103962998
chr12,112888210,C,1,14271,7.00721743395698e-05
chr4,106155307,T,10,106085,9.42640335579959e-05
chr4,106158108,A,1,21628,4.62363602737193e-05
chr4,106164769,A,3,49560,6.05326876513317e-05
chr4,106180874,T,17,43264,0.000392936390532544
chr4,106194031,A,12,48455,0.000247652461046332
chr4,106196282,T,4,112894,3.54314666855635e-05
chr17,58740887,A,50,26362,0.00189666944844852
chr2,25463313,T,11,27088,0.0004060838747785
chr2,25467023,A,84,132165,0.000635569174895018
chr2,25469494,T,60,64188,0.000934754159656011
chr2,198266513,C,8,40965,0.000195288661052118
chr20,31024287,A,3,18258,0.000164311534669734
chr13,28592620,C,4,33029,0.000121105694995307
chr13,28592621,G,6,33029,0.000181658542492961
chr8,117864902,A,89,64532,0.00137916072646129
chr21,36206785,C,19,78740,0.000241300482600965
chr19,33792425,A,10,11266,0.000887626486774365
chr7,148506443,T,6,125334,4.78720857867777e-05
chr7,148506474,A,90,125335,0.000718075557505884
chr7,148507447,C,15,32544,0.000460914454277286
chr1,43814991,T,19,33494,0.000567265778945483
chr1,115258745,A,253,26439,0.00956919701955445
