chr,pos,nucleotide,count,coverage_at_position,VAF
chr4,106155307,T,4,24207,0.000165241459082084
chr4,106164769,A,4,22412,0.000178475816526861
chr4,106180874,T,6,9807,0.000611807892321811
chr4,106194031,A,5,10670,0.000468603561387067
chr4,106196282,T,4,39939,0.000100152732917699
chr2,25463313,T,4,11963,0.000334364289893839
chr2,25467023,A,359,63766,0.00562995953956654
chr2,25469494,T,33,34713,0.000950652493302221
chr19,33792425,A,18,6063,0.00296882731321128
chr17,58740887,A,7,5996,0.00116744496330887
chr1,43814991,T,20,18124,0.00110350915912602
chr1,115258745,A,7,5496,0.00127365356622999
chr7,148506443,T,1,18892,5.2932458183358e-05
chr7,148506474,A,41,37780,0.00108523028057173
chr7,148507447,C,5,7566,0.000660851176315094
chr8,117864902,A,23,17218,0.00133581136020444
chr21,36206785,C,10,27623,0.000362017159613366
chr13,28592621,G,3,9603,0.000312402374258044
chr12,112888169,G,3,3654,0.000821018062397373
chr12,112888210,C,1,3653,0.000273747604708459
