chr,pos,nucleotide,count,coverage_at_position,VAF
chr4,106155307,T,2,27585,7.25031720137756e-05
chr4,106180874,T,10,10221,0.000978377849525487
chr4,106194031,A,1,6487,0.000154154462771697
chr4,106196282,T,235,41421,0.00567345066512156
chr4,106196835,T,140,26112,0.00536151960784314
chr2,25463313,T,5,12722,0.000393019965414243
chr2,25467023,A,31,59823,0.000518195342928305
chr2,25469494,T,24,32964,0.000728066982162359
chr2,198266513,C,1,5685,0.000175901495162709
chr17,58740887,A,8,5045,0.00158572844400396
chr11,119148990,C,3,14781,0.000202963263649279
chr19,33792425,A,17,16224,0.00104783037475345
chr7,148506474,A,31,36173,0.000856992784673652
chr7,148507447,C,3,4413,0.000679809653297077
chr12,112888169,G,1,4240,0.000235849056603774
chr12,112888210,C,1,4238,0.000235960358659745
chr21,36206785,C,8,24751,0.000323219263868127
chr13,28592620,C,2,5774,0.000346380325597506
chr13,28592621,G,2,11549,0.000173175166681098
chr1,43814991,T,11,15562,0.000706850019277728
chr1,115258745,A,9,6733,0.00133669983662558
chr8,117864902,A,25,20348,0.00122862197758994
