chr,pos,nucleotide,count,coverage_at_position,VAF
chr21,36206785,C,25,69075,0.000361925443358668
chr4,106155307,T,1,11766,8.49906510283869e-05
chr4,106180874,T,4,8828,0.000453103760761214
chr17,58740887,A,13,4929,0.00263745181578413
chr13,28592620,C,2,5580,0.0003584229390681
chr13,28592621,G,2,11161,0.000179195412597438
chr2,25463313,T,8,14563,0.00054933736180732
chr2,25467023,A,54,83687,0.00064526151015092
chr2,25469494,T,38,47893,0.000793435366337461
chr2,198266513,C,3,4431,0.000677048070412999
chr12,112888169,G,1,3689,0.000271076172404446
chr12,112888210,C,1,3688,0.000271149674620391
chr19,33792425,A,21,30050,0.000698835274542429
chr11,119148990,C,141,14420,0.00977808599167822
chr8,117864902,A,26,16070,0.00161792159303049
chr7,148506474,A,23,19158,0.00120054285416014
chr7,148507447,C,3,4324,0.000693802035152636
chr1,43814991,T,14,19361,0.000723103145498683
chr1,115258745,A,8,6621,0.00120827669536324
