chr,pos,nucleotide,count,coverage_at_position,VAF
chr11,119148990,C,6,13158,0.000455996
chr2,25463313,T,7,8369,0.00083642
chr2,25467023,A,40,74745,0.000535153
chr2,25469494,T,38,46436,0.000818331
chr4,106180874,T,2,5210,0.000383877
chr4,106194031,A,1,1954,0.000511771
chr4,106196282,T,3,26128,0.000114819
chr21,36206785,C,10,12665,0.000789578
chr17,58740887,A,2,2110,0.000947867
chr19,33792425,A,5,3100,0.001612903
chr12,112888169,G,4,5130,0.000779727
chr7,148506443,T,2,14770,0.00013541
chr7,148506474,A,18,14769,0.001218769
chr8,117864902,A,15,9772,0.001534998
chr1,43814991,T,3,5879,0.000510291
chr1,115258745,A,11,3618,0.003040354
chr7,148507447,C,1,5147,0.000194288
