chr,pos,nucleotide,count,coverage_at_position,VAF
chr21,36206785,C,9,28324,0.000317751729981641
chr4,106155307,T,1,15271,6.5483596359112e-05
chr4,106180874,T,56,11806,0.00474335083855667
chr4,106194031,A,7,11821,0.000592166483377041
chr4,106196282,T,2,45362,4.40897667651338e-05
chr17,58740887,A,11,7385,0.0014895057549086
chr19,33792425,A,16,13640,0.00117302052785924
chr19,33793112,A,2,23727,8.4292156614827e-05
chr12,112888169,G,7,9306,0.000752202879862454
chr2,25463313,T,2,5084,0.0003933910306845
chr2,25467023,A,30,63520,0.000472292191435768
chr2,25469494,T,23,35373,0.000650213439629096
chr2,198266513,C,3,6660,0.000450450450450451
chr7,148506474,A,38,40633,0.000935200452833904
chr7,148507447,C,1,5809,0.000172146668961956
chr13,28592620,C,1,6505,0.000153727901614143
chr13,28592621,G,1,6503,0.000153775180685837
chr1,43814991,T,10,15727,0.000635849176575316
chr1,115258745,A,10,7942,0.0012591286829514
chr8,117864902,A,38,25186,0.00150877471611213
