chr,pos,nucleotide,count,coverage_at_position,VAF
chr21,36206785,C,9,31134,0.000289073039121218
chr4,106155307,T,4,25687,0.000155720792618834
chr4,106158108,A,55,10819,0.00508364913577965
chr4,106164769,A,2,27513,7.26929088067459e-05
chr4,106180874,T,6,9689,0.000619258953452369
chr4,106194031,A,5,10926,0.000457624016108365
chr13,28592621,G,2,12013,0.00016648630650129
chr17,58740887,A,6,5698,0.00105300105300105
chr20,31024287,A,1,5441,0.000183789744532255
chr2,25463313,T,9,18602,0.000483818944199549
chr2,25467023,A,48,87692,0.000547370341650322
chr2,25469494,T,40,54519,0.000733689172582036
chr2,198266513,C,4,11648,0.000343406593406593
chr8,117864902,A,34,24529,0.00138611439520568
chr7,148506474,A,33,35690,0.000924628747548333
chr7,148507447,C,3,4657,0.00064419153961778
chr19,33792425,A,24,28443,0.000843792848855606
chr1,43814991,T,5,22954,0.000217826958264355
chr1,115258745,A,6,6846,0.000876424189307625
chr12,112888169,G,4,9600,0.000416666666666667
chr12,112888210,C,1,4802,0.000208246563931695
