chr,pos,nucleotide,count,coverage_at_position,VAF
chr20,31024287,A,3,12143,0.000247055916989212
chr11,119148990,C,4,19079,0.000209654594056292
chr4,106155307,T,2,30776,6.4985703145308e-05
chr4,106156524,A,1,3136,0.000318877551020408
chr4,106180874,T,2,9318,0.000214638334406525
chr4,106194031,A,2,5907,0.000338581344167936
chr4,106196835,T,2,35356,5.65674850096165e-05
chr21,36206785,C,22,81994,0.000268312315535283
chr17,58740887,A,10,5632,0.00177556818181818
chr2,25463313,T,5,19142,0.000261205725629506
chr2,25467023,A,86,122042,0.00070467543960276
chr2,25469494,T,72,84985,0.00084720833088192
chr12,112888169,G,1,4587,0.000218007412252017
chr12,112888210,C,110,9172,0.0119930222416049
chr19,33792425,A,63,72950,0.000863605209047293
chr19,33793112,A,8,91730,8.72124713834078e-05
chr7,148506474,A,14,24440,0.000572831423895254
chr7,148507447,C,4,7838,0.00051033426894616
chr1,43814991,T,16,25973,0.000616024332961152
chr1,115258745,A,9,7434,0.00121065375302663
chr13,28592621,G,122,11558,0.0105554594220453
chr8,117864902,A,32,19736,0.0016214025131739
