chr,pos,nucleotide,count,coverage_at_position,VAF
chr17,58740887,A,9,5478,0.00164293537787514
chr2,25463313,T,9,14130,0.000636942675159236
chr2,25467023,A,52,80557,0.00064550566679494
chr2,25469494,T,44,49367,0.000891283651021938
chr4,106155307,T,154,19456,0.00791529605263158
chr4,106164769,A,46,21466,0.0021429236932824
chr4,106180874,T,2,6149,0.000325256139209628
chr4,106194031,A,3,9067,0.000330870188596008
chr4,106196835,T,2,26269,7.61353686855229e-05
chr13,28592620,C,1,4505,0.000221975582685905
chr19,33792425,A,43,42873,0.00100296223730553
chr19,33793112,A,2,51688,3.86937006655317e-05
chr21,36206785,C,24,31914,0.000752021056589585
chr7,148506474,A,32,32939,0.000971492759343028
chr7,148507447,C,1,3066,0.000326157860404436
chr1,43814991,T,17,19015,0.000894031028135682
chr1,115258745,A,12,5499,0.0021822149481724
chr11,119148990,C,2,7773,0.000257300913418243
chr8,117864902,A,19,15965,0.00119010335108049
chr12,112888210,C,3,3307,0.000907166616268521
