chr,pos,nucleotide,count,coverage_at_position,VAF
chr17,58740887,A,11,7993,0.00137620417865632
chr2,25463313,T,10,18079,0.000553127938492173
chr2,25467023,A,63,106896,0.000589357880556803
chr2,25469494,T,46,63394,0.000725620721203899
chr2,198266513,C,3,12244,0.000245017967984319
chr4,106155307,T,1,16239,6.15801465607488e-05
chr4,106156524,A,12,8939,0.00134243203937801
chr4,106164769,A,2,13958,0.000143287003868749
chr4,106180874,T,8,12421,0.000644070525722567
chr4,106194031,A,2,6742,0.000296647878967665
chr4,106196282,T,148,50761,0.00291562419968086
chr4,106196835,T,320,30687,0.0104278684785088
chr7,148506474,A,34,38793,0.000876446781635862
chr7,148507447,C,7,12187,0.000574382538770821
chr20,31024287,A,1,6085,0.000164338537387017
chr1,43814991,T,4,6482,0.000617093489663684
chr1,115258745,A,15,8724,0.00171939477303989
chr8,117864902,A,35,27220,0.00128581925055107
chr21,36206785,C,21,24739,0.000848862120538421
chr19,33792425,A,1,1600,0.000625
chr11,119148990,C,4,22670,0.000176444640494045
chr13,28592620,C,2,13480,0.000148367952522255
chr13,28592621,G,3,13482,0.000222518914107699
chr12,112888169,G,5,10108,0.000494657696873763
chr12,112888210,C,3,10112,0.000296677215189873
