chr,pos,nucleotide,count,coverage_at_position,VAF
chr2,25463313,T,3,9584,0.000313021702838063
chr2,25467023,A,24,49821,0.00048172457397483
chr2,25469494,T,25,32869,0.000760595089598102
chr2,198266513,C,3,6727,0.000445964025568604
chr21,36206785,C,18,47074,0.000382376683519565
chr20,31024287,A,1,2728,0.000366568914956012
chr4,106156524,A,1,2148,0.000465549348230913
chr4,106180874,T,2,7349,0.00027214587018642
chr4,106194031,A,41,7114,0.00576328366601068
chr4,106196835,T,3,21527,0.000139359873647048
chr17,58740887,A,10,4910,0.00203665987780041
chr7,148506474,A,24,28075,0.000854853072128228
chr7,148507447,C,2,5846,0.000342114266164899
chr12,112888169,G,1,3425,0.000291970802919708
chr12,112888210,C,2,3424,0.00058411214953271
chr19,33792425,A,13,13991,0.000929168751340147
chr8,117864902,A,16,7925,0.00201892744479495
chr1,43814991,T,7,15480,0.000452196382428941
chr1,115258745,A,13,5318,0.0024445280180519
