chr,pos,nucleotide,count,coverage_at_position,VAF
chr17,58740887,A,13,11317,0.00114871432358399
chr20,31024287,A,3,14751,0.000203376042302217
chr4,106155307,T,6,51761,0.000115917389540388
chr4,106156524,A,3,6527,0.000459629232419182
chr4,106180874,T,9,17801,0.00050558957361946
chr4,106194031,A,5,20304,0.000246256895193065
chr4,106196835,T,2,41262,4.84707479036402e-05
chr2,25463313,T,14,21954,0.000637697002824087
chr2,25467023,A,100,127728,0.000782913691594639
chr2,25469494,T,45,65511,0.000686907542244814
chr2,198266513,C,3,17712,0.000169376693766938
chr13,28592620,C,187,20032,0.00933506389776358
chr13,28592621,G,6,20033,0.000299505815404582
chr11,119148990,C,6,25949,0.000231222783151567
chr12,112888169,G,9,8126,0.00110755599310854
chr12,112888210,C,1,8123,0.000123107226394189
chr19,33792425,A,55,45838,0.00119987783062088
chr19,33793112,A,3,81333,3.68853970712995e-05
chr7,148506443,T,2,54041,3.70089376584445e-05
chr7,148506474,A,65,54037,0.00120287950848493
chr7,148507447,C,5,8493,0.000588720122453785
chr21,36206785,C,28,80149,0.000349349336860098
chr1,43814991,T,19,23247,0.000817309760399191
chr1,115258745,A,36,13099,0.00274830139705321
chr8,117864902,A,47,34626,0.0013573615202449
