chr,pos,nucleotide,count,coverage_at_position,VAF
chr2,25463313,T,17,21336,0.000796775403074616
chr2,25467023,A,60,130043,0.000461385849296002
chr2,25469494,T,49,73599,0.000665769915352111
chr2,198266513,C,1,6850,0.000145985401459854
chr21,36206785,C,19,32776,0.000579692457896022
chr19,33792425,A,56,67362,0.000831329236067813
chr19,33793112,A,2,79899,2.50316023980275e-05
chr7,148506474,A,50,43876,0.00113957516637797
chr7,148507447,C,4,5857,0.000682943486426498
chr4,106156524,A,2,9117,0.000219370406932105
chr4,106158108,A,1,6543,0.000152835090936879
chr4,106164769,A,1,16476,6.06943432872056e-05
chr4,106180874,T,4,12150,0.000329218106995885
chr4,106194031,A,2,13099,0.000152683410947401
chr4,106196282,T,6,55806,0.000107515320933233
chr4,106196835,T,1,17421,5.74019861087194e-05
chr20,31024287,A,2,13147,0.000152125960295124
chr17,58740887,A,47,6989,0.00672485334096437
chr13,28592620,C,3,11843,0.000253314194038673
chr13,28592621,G,1,5921,0.000168890390136801
chr11,119148990,C,1,5638,0.000177367860943597
chr1,43814991,T,13,23183,0.000560755726178665
chr1,115258745,A,14,7430,0.0018842530282638
chr8,117864902,A,33,23013,0.00143397210272455
chr12,112888169,G,4,5600,0.000714285714285714
chr12,112888210,C,1,5599,0.00017860332202179
