chr,pos,nucleotide,count,coverage_at_position,VAF
chr20,31024287,A,40,9335,0.00428494911622925
chr21,36206785,C,16,28982,0.00055206680008281
chr4,106158108,A,1,3899,0.000256476019492177
chr4,106180874,T,5,9457,0.000528708892883578
chr4,106194031,A,2,4407,0.00045382346267302
chr4,106196282,T,2,36699,5.44973977492575e-05
chr19,33792425,A,33,28963,0.00113938473224459
chr2,25463313,T,3,6433,0.000466345406497746
chr2,25467023,A,56,92122,0.000607889537786848
chr2,25469494,T,37,41246,0.000897056684284537
chr2,198266513,C,1,4394,0.000227583067819754
chr17,58740887,A,13,5010,0.00259481037924152
chr7,148506474,A,24,28350,0.000846560846560847
chr7,148507447,C,5,7979,0.00062664494297531
chr13,28592620,C,1,5148,0.000194250194250194
chr12,112888169,G,2,3661,0.000546298825457525
chr12,112888210,C,2,3660,0.000546448087431694
chr8,117864902,A,23,15505,0.00148339245404708
chr1,43814991,T,8,13824,0.000578703703703704
chr1,115258745,A,11,6425,0.00171206225680934
