chr,pos,nucleotide,count,coverage_at_position,VAF
chr17,58740887,A,12,7396,0.00162249864791779
chr2,25463313,T,10,13719,0.000728916101756688
chr2,25467023,A,38,74771,0.000508218426930227
chr2,25469494,T,30,41378,0.00072502295906037
chr4,106155307,T,2,26780,7.46825989544436e-05
chr4,106180874,T,12,9773,0.00122787271052901
chr4,106196835,T,1,14349,6.96912676841592e-05
chr7,148506443,T,1,10801,9.25840199981483e-05
chr7,148506474,A,21,21597,0.000972357271843312
chr7,148507447,C,3,2727,0.0011001100110011
chr12,112888169,G,3,9719,0.000308673731865418
chr11,119148990,C,3,14904,0.000201288244766506
chr19,33792425,A,339,29840,0.0113605898123324
chr19,33793112,A,2,31093,6.43231595535973e-05
chr21,36206785,C,19,53911,0.000352432713175419
chr8,117864902,A,33,18154,0.00181778120524402
chr13,28592621,G,3,12705,0.000236127508854782
chr1,43814991,T,15,16666,0.000900036001440058
chr1,115258745,A,12,6701,0.00179077749589613
