chr,pos,nucleotide,count,coverage_at_position,VAF
chr21,36206785,C,160,53491,0.00299115739096297
chr19,33792425,A,12,11234,0.0010681858643404
chr11,119148990,C,6,15678,0.000382701875239189
chr4,106155307,T,4,29645,0.000134930005059875
chr4,106164769,A,5,22710,0.000220167327168648
chr4,106180874,T,4,9904,0.000403877221324717
chr4,106194031,A,1,4933,0.00020271639975674
chr2,25463313,T,4,13119,0.000304901288207943
chr2,25467023,A,27,59252,0.00045568082090056
chr2,25469494,T,24,30133,0.0007964689874888
chr2,198266513,C,1,4699,0.000212811236433284
chr17,58740887,A,4,6679,0.00059889204970804
chr7,148506443,T,2,35727,5.59800710946903e-05
chr7,148506474,A,27,35726,0.000755752113306835
chr7,148507447,C,6,11118,0.000539665407447383
chr12,112888169,G,4,3793,0.00105457421566043
chr20,31024287,A,2,3014,0.0006635700066357
chr8,117864902,A,31,18333,0.00169093983526973
chr1,43814991,T,18,15709,0.00114583996435165
chr1,115258745,A,9,5766,0.00156087408949011
