chr,pos,nucleotide,count,coverage_at_position,VAF
chr21,36206785,C,56,88397,0.000633505661956854
chr17,58740887,A,16,14477,0.00110520135387166
chr20,31024287,A,1,12356,8.09323405632891e-05
chr4,106155307,T,2,48453,4.12771139041958e-05
chr4,106156524,A,1,5341,0.00018723085564501
chr4,106164769,A,5,43857,0.000114006886015915
chr4,106180874,T,6,16535,0.000362866646507409
chr4,106194031,A,2,9275,0.000215633423180593
chr4,106196282,T,2,72379,2.76323242929579e-05
chr4,106196835,T,3,49726,6.03306117524032e-05
chr2,25463313,T,17,34484,0.000492982252638905
chr2,25467023,A,132,216681,0.000609190468938209
chr2,25469494,T,96,120788,0.000794780938503825
chr2,198266513,C,3,14198,0.000211297365826173
chr12,112888169,G,9,20047,0.000448944979298648
chr12,112888210,C,1,10027,9.97307270370001e-05
chr8,117864902,A,325,51764,0.006278494706746
chr13,28592620,C,1,11512,8.68658790826963e-05
chr11,119148990,C,3,34108,8.79559047730738e-05
chr1,43814991,T,34,48536,0.000700510960936212
chr1,115258745,A,32,16544,0.00193423597678917
chr19,33792425,A,98,75685,0.00129484045715796
chr19,33793112,A,12,112217,0.00010693566928362
chr7,148506474,A,56,70420,0.000795228628230616
chr7,148507447,C,6,7684,0.000780843310775638
